variant,seed,n_total,accuracy_all,parse_rate
none,1,37,0.5135135135135135,1.0
none,2,37,0.5675675675675675,1.0
none,3,37,0.3783783783783784,1.0
none,4,37,0.4594594594594595,1.0
none,5,37,0.5675675675675675,1.0
state_model,1,37,0.5405405405405406,1.0
state_model,2,37,0.5675675675675675,1.0
state_model,3,37,0.5135135135135135,1.0
state_model,4,37,0.4864864864864865,1.0
state_model,5,37,0.6216216216216216,1.0
