variant,mean_accuracy,std_accuracy,min_accuracy,max_accuracy,chance_baseline,lift_vs_chance
none,0.49729729729729727,0.07171080627795458,0.3783783783783784,0.5675675675675675,0.4166666666666667,0.08063063063063058
state_model,0.5459459459459459,0.0464990554975277,0.4864864864864865,0.6216216216216216,0.4166666666666667,0.12927927927927924
