trial_type,n,accuracy,guess_baseline,lift_vs_guess,parse_rate
Addition,29,0.9655172413793104,0.25,0.7155172413793104,1.0
Multiplication,25,0.84,0.25,0.59,1.0
Number Comparison,14,0.5714285714285714,0.5,0.0714285714285714,1.0
Subtraction,25,0.52,0.25,0.27,1.0
Fraction,16,0.375,0.25,0.125,1.0
Missing Number,10,0.3,0.25,0.04999999999999999,1.0
Number Line 4afc,36,0.2777777777777778,0.25,0.02777777777777779,1.0
OVERALL,155,0.5741935483870968,0.2725806451612903,0.3016129032258065,1.0
