variant,mean_accuracy,std_accuracy,min_accuracy,max_accuracy,chance_baseline,lift_vs_chance
none,0.7916666666666667,0.041666666666666685,0.75,0.8333333333333334,0.4583333333333333,0.3333333333333334
state_model,0.5833333333333333,0.08333333333333331,0.5,0.6666666666666666,0.4583333333333333,0.12499999999999994
